target_value,count,rate
0.0,282682,0.9192701304360551
1.0,24825,0.08072986956394489
